{
    "acc": 0.7027439024390244,
    "precision": 0.6788321167883211,
    "recall": 0.38114754098360654,
    "f1_score": 0.4881889763779528
}